Cat,Description,,
IAB11,Law Government and Politics,,
IAB11-1,Immigration,,
IAB11-2,Legal Issues,,
IAB11-3,US Government Resources,,
IAB11-4,Politics,,
IAB11-5,Commentary,,
IAB7-1,Exercise,,
IAB7-44,Weight Loss,,
IAB7-15,Cold and Flu,,
IAB7-19,Dermatology,,
IAB7-25,Herbs for Health,,
IAB7-31,Mens Health,,
IAB7-32,Nutrition,,
IAB7-38,Senior Health,,
IAB7-4,Allergies,,
IAB7-41,Smoking Cessation,,
IAB7-45,Womens Health,,
IAB7-5,Alternative Medicine,,
IAB7-5,Holistic Healing,,
IAB9-13,Freelance Writing,,
IAB17-37,Surfing/Bodyboarding,,
IAB13-9,Options,,
IAB15-9,Botany,,
IAB10,Home & Garden,,
IAB4,Careers,,
IAB3-6,Forestry,,
IAB9-22,Painting,,
IAB18-3,Fashion,,
IAB20-16,Greece,,
IAB17-12,Football,,
IAB10-7,Interior Decorating,,
IAB17-5,Boxing,,
IAB21,Real Estate,,
IAB8-16,Vegan,,
IAB20-9,Camping,,
IAB5,Education,,
IAB10-1,Appliances,,
IAB9-26,Sci-Fi & Fantasy,,
IAB8-2,Barbecues & Grilling,,
IAB19-13,Desktop Publishing,,
IAB22-4,Engines,,
IAB17-33,Scuba Diving,,
IAB3-11,Marketing,,
IAB17-3,Bicycling,,
IAB2-6,Convertible,,
IAB6-2,Babies & Toddlers,,
IAB16-7,Veterinary Medicine,,
IAB2-18,Pickup,,
IAB9-11,Comic Books,,
IAB15-2,Biology,,
IAB20-17,Honeymoons/Getaways,,
IAB20-14,Europe,,
IAB14,Society,,
IAB19-6,Cell Phones,,
IAB20-3,Air Travel,,
IAB17-8,Climbing,,
IAB21-1,Apartments,,
IAB9-1,Art/Technology,,
IAB20-10,Canada,,
IAB17-27,Pro Ice Hockey,,
IAB19-35,Web Search,,
IAB19-22,MP3/MIDI,,
IAB19-36,Windows,,
IAB9-10,Collecting,,
IAB2,Automotive,,
IAB18-6,Accessories,,
IAB3-10,Logistics,,
IAB8-13,Italian Cuisine,,
IAB19-32,Visual Basic,,
IAB6-3,Daycare/Pre School,,
IAB5-10,Homeschooling,,
IAB5-7,English as a 2nd Language,,
IAB20-20,Japan,,
IAB17-6,Canoeing/Kayaking,,
IAB20-24,Spas,,
IAB22,Shopping,,
IAB8,Food & Drink,,
IAB17-13,Freshwater Fishing,,
IAB2-9,Diesel,,
IAB19-23,Net Conferencing,,
IAB8-4,Chinese Cuisine,,
IAB5-9,Graduate School,,
IAB20-15,France,,
IAB17-15,Golf,,
IAB13-4,Financial Planning,,
IAB19-34,Web Design/HTML,,
IAB19-30,Shareware/Freeware,,
IAB5-8,Language Learning,,
IAB16-2,Birds,,
IAB4-11,Career Advice,,
IAB9-15,Getting Published,,
IAB9-17,Home Recording,,
IAB17-10,Figure Skating,,
IAB20-11,Caribbean,,
IAB19,Technology & Computing,,
IAB17-44,World Soccer,,
IAB8-12,Health/Lowfat Cooking,,
IAB20-1,Adventure Travel,,
IAB4-8,Scholarships,,
IAB13-2,Credit/Debt & Loans,,
IAB2-3,Buying/Selling Cars,,
IAB5-6,Distance Learning,,
IAB9-8,Chess,,
IAB5-5,College Life,,
IAB2-13,Luxury,,
IAB21-2,Architects,,
IAB20-8,By US Locale,,
IAB3-3,Biotech/Biomedical,,
IAB9-29,Stamps & Coins,,
IAB17-39,Table Tennis/Ping-Pong,,
IAB17-24,Paintball,,
IAB13-7,Investing,,
IAB17-29,Rugby,,
IAB2-17,Performance Vehicles,,
IAB9-2,Arts & Crafts,,
IAB6-4,Family Internet,,
IAB4-7,Nursing,,
IAB13-11,Stocks,,
IAB20-4,Australia & New Zealand,,
IAB1-2,Celebrity Fan/Gossip,,
IAB2-19,Road-Side Assistance,,
IAB2-8,Crossover,,
IAB19-16,Graphics Software,,
IAB6-1,Adoption,,
IAB8-17,Vegetarian,,
IAB9-21,Needlework,,
IAB9-18,Investors & Patents,,
IAB20-21,Mexico & Central America,,
IAB17-22,NASCAR Racing,,
IAB22-1,Contests & Freebies,,
IAB1-7,Television,,
IAB14-1,Dating,,
IAB19-2,Animation,,
IAB10-5,Home Repair,,
IAB19-7,Computer Certification,,
IAB9-16,Guitar,,
IAB21-3,Buying/Selling Homes,,
IAB1-4,Humor,,
IAB17-16,Horse Racing,,
IAB2-21,Trucks & Accessories,,
IAB2-1,Auto Parts,,
IAB19-3,Antivirus Software,,
IAB20-22,National Parks,,
IAB13-5,Hedge Fund,,
IAB17,Sports,,
IAB18,Style & Fashion,,
IAB19-4,C/C++,,
IAB15,Science,,
IAB1-6,Music,,
IAB2-5,Certified Pre-Owned,,
IAB3-9,Human Resources,,
IAB8-14,Japanese Cuisine,,
IAB19-33,Web Clip Art,,
IAB17-34,Skateboarding,,
IAB8-7,Cuisine-Specific,,
IAB16-3,Cats,,
IAB4-1,Career Planning,,
IAB9-28,Screenwriting,,
IAB17-11,Fly Fishing,,
IAB13-12,Tax Planning,,
IAB17-38,Swimming,,
IAB17-26,Pro Basketball,,
IAB10-4,Gardening,,
IAB12-1,International News,,
IAB13-3,Financial News,,
IAB13-10,Retirement Planning,,
IAB15-3,Chemistry,,
IAB20-19,Italy,,
IAB20-13,Eastern Europe,,
IAB17-31,Sailing,,
IAB17-43,Waterski/Wakeboard,,
IAB8-6,Coffee/Tea,,
IAB17-40,Tennis,,
IAB2-4,Car Culture,,
IAB19-27,PC Support,,
IAB20-25,Theme Parks,,
IAB9-9,Cigars,,
IAB17-42,Walking,,
IAB1,Arts & Entertainment,,
IAB1-5,Movies,,
IAB14-4,Marriage,,
IAB16,Pets,,
IAB19-5,Cameras & Camcorders,,
IAB2-11,Hatchback,,
IAB4-4,Job Fairs,,
IAB9-3,Beadwork,,
IAB9-7,Card Games,,
IAB15-10,Weather,,
IAB19-12,Databases,,
IAB4-3,Financial Aid,,
IAB15-6,Physics,,
IAB15-1,Astrology,,
IAB17-4,Bodybuilding,,
IAB17-17,Horses,,
IAB6-5,Parenting - K-6 Kids,,
IAB19-24,Net for Beginners,,
IAB5-11,Homework/Study Tips,,
IAB4-6,Resume Writing/Advice,,
IAB15-4,Geology,,
IAB17-19,Inline Skating,,
IAB18-1,Beauty,,
IAB20-26,Traveling with Kids,,
IAB19-29,Entertainment,,
IAB19-10,Computer Reviews,,
IAB17-32,Saltwater Fishing,,
IAB15-5,Paranormal Phenomena,,
IAB19-25,Network Security,,
IAB9-12,Drawing/Sketching,,
IAB14-2,Divorce Support,,
IAB17-14,Game & Fish,,
IAB2-16,Off-Road Vehicles,,
IAB20-6,Budget Travel,,
IAB19-28,Portable,,
IAB17-25,Power & Motorcycles,,
IAB13-6,Insurance,,
IAB17-20,Martial Arts,,
IAB3-1,Advertising,,
IAB18-5,Clothing,,
IAB19-26,Palmtops/PDAs,,
IAB5-3,Art History,,
IAB20-27,United Kingdom,,
IAB20-5,Bed & Breakfasts,,
IAB2-12,Hybrid,,
IAB5-15,Studying Business,,
IAB9-20,Magic & Illusion,,
IAB20-12,Cruises,,
IAB2-15,Mororcycles,,
IAB3-5,Construction,,
IAB3-4,Business Software,,
IAB8-5,Cocktails/Beer,,
IAB9-19,Jewelry Making,,
IAB17-35,Skiing,,
IAB7,Health & Fitness,,
IAB20,Travel,,
IAB20-18,Hotels,,
IAB2-14,MiniVan,,
IAB2-23,Wagon,,
IAB9-27,Scrapbooking,,
IAB9-6,Candle & Soap Making,,
IAB17-36,Snowboarding,,
IAB13,Personal Finance,,
IAB15-7,Space/Astronomy,,
IAB17-23,Olympics,,
IAB17-30,Running/Jogging,,
IAB12-3,Local News,,
IAB8-3,Cajun/Creole,,
IAB9-31,Woodworking,,
IAB9-23,Photography,,
IAB8-8,Desserts & Baking,,
IAB8-11,French Cuisine,,
IAB19-19,Java,,
IAB10-6,Home Theater,,
IAB9-14,Genealogy,,
IAB2-20,Sedan,,
IAB8-1,American Cuisine,,
IAB10-9,Remodeling & Construction,,
IAB17-18,Hunting/Shooting,,
IAB20-2,Africa,,
IAB3,Business,,
IAB9-5,Board Games/Puzzles,,
IAB9-4,Birdwatching,,
IAB17-2,Baseball,,
IAB14-7,Weddings,,
IAB19-8,Computer Networking,,
IAB19-11,Data Centers,,
IAB19-31,Unix,,
IAB12-2,National News,,
IAB2-10,Electric Vehicle,,
IAB9-25,Roleplaying Games,,
IAB4-5,Job Search,,
IAB15-8,Geography,,
IAB8-18,Wine,,
IAB3-2,Agriculture,,
IAB2-2,Auto Repair,,
IAB19-15,Email,,
IAB19-20,JavaScript,,
IAB8-10,Food Allergies,,
IAB9-30,Video & Computer Games,,
IAB10-8,Landscaping,,
IAB10-3,Environmental Safety,,
IAB17-21,Mountain Biking,,
IAB17-41,Volleyball,,
IAB19-1,3-D Graphics,,
IAB22-2,Couponing,,
IAB20-7,Business Travel,,
IAB3-12,Metals,,
IAB16-5,Large Animals,,
IAB20-23,South America,,
IAB8-9,Dining Out,,
IAB2-7,Coupe,,
IAB5-4,College Administration,,
IAB16-4,Dogs,,
IAB10-2,Entertaining,,
IAB4-10,U.S. Military,,
IAB16-1,Aquariums,,
IAB17-28,Rodeo,,
IAB13-8,Mutual Funds,,
IAB18-2,Body Art,,
IAB12,News,,
IAB1-1,Books & Literature,,
IAB17-1,Auto Racing,,
IAB9-24,Radio,,
IAB19-14,Desktop Video,,
IAB19-21,Mac Support,,
IAB4-9,Telecommuting,,
IAB19-18,Internet Technology,,
IAB9,Hobbies & Interests,,
IAB3-7,Government,,
IAB5-13,Private School,,
IAB4-2,College,,
IAB16-6,Reptiles,,
IAB14-5,Senior Living,,
IAB2-22,Vintage Cars,,
IAB19-9,Computer Peripherals,,
IAB19-17,Home Video/DVD,,
IAB8-15,Mexican Cuisine,,
IAB6,Family & Parenting,,
IAB3-8,Green Solutions,,
IAB18-4,Jewelry,,
IAB17-9,Cricket,,
IAB17-7,Cheerleading,,
IAB1-3,Fine Art,,
IAB22-3,Comparison,,
IAB13-1,Beginning Investing,,
IAB3-Farm,Farming,,start of LBD
IAB7-VD,Vegetarian Diet,,
IAB7-SaM,Spa and Massage,,
IAB1-Act,Action,,
IAB1-Com,Comedy,,
IAB1-Crime,Crime,,
IAB1-Drama,Drama,,
IAB1-Fant,Fantasy,,
IAB1-MaT,Mysteries and Thrillers,,
IAB1-Real,Reality,,
IAB1-Scifi,Sci-Fi,,
IAB1-ABC,ABC,,
IAB1-CBS2,CBS,,
IAB1-ESPN1,ESPN,,
IAB1-FOX,Fox,,
IAB1-FX,FX,,
IAB1-HBO,HBO,,
IAB1-NBC,NBC,,
IAB1-OWN,OWN,,
IAB1-Show,Showtime,,
IAB1-Starz,Starz,,
IAB1-TBS,TBS,,
IAB1-APTV,Apple TV,,
IAB1-DisPlus,Disney Plus,,
IAB3-Recruit,Recruiters,,
IAB3-RemW,Remote Work,,
IAB13-FinS,Financial Services,,
IAB13-HIns,Health Insurance,,
IAB13-LI,Life Insurance,,
IAB13-PfR,Planning for Retirement,,
IAB13-REI,Real Estate Investor,,
IAB4-Carr,Careers,,
IAB4-Job,Job Search,,
IAB4-RW,Remote Working,,
IAB4-Ret,Retirement,,
IAB6-Par,Parenting Teens,,
IAB6-SL,Senior Living,,
IAB7-ND,Neurological Disorders,,
IAB7-CaF,Cold and Flu,,
IAB7-HI,Hearing Impaired,,
IAB7-ENa,Ear Nose and Throat,,
IAB7-ED,Eating Disorders,,
IAB7-TD,Thyroid Disease,,
IAB7-EaM,Endocrine and Metabolic Diseases,,
IAB7-E,Epidemic,,
IAB7-VI,Vision Impaired,,
IAB7-ID,Infectious Diseases,,
IAB7-FAC,First Aid Care,,
IAB7-IaA,Injuries and Accidents,,
IAB7-ADD,Attention Deficit Disorder,,
IAB7-AaA,Autism and Asperger's,,
IAB7-MHC,Mental Health Conditions,,
IAB7-SAa,Substance Abuse and Alcoholism,,
IAB7-DaC,Diseases and Conditions,,
IAB7-Hosp,Hospital Care,,
IAB7-H,Healthcare,,
IAB7-Labs,Labs and Medical Tests,,
IAB7-Imm,Immunology,,
IAB7-MR,Medical Research,,
IAB7-Onc,Oncology,,
IAB7-Pharm,Pharmacology,,
IAB7-Phys,Physiology,,
IAB7-Psyc,Psychology and Psychoanalysis,,
IAB7-Psyc2,Psychology and Psychiatry,,
IAB7-PD,Pharmaceutical Drugs,,
IAB7-Sx,Surgery,,
IAB7-MH,Medical Health,,
IAB7-NBS,New Business Startups,,
IAB13-SB,Stocks & Bonds,,
IAB13-M,Mortgages,,
IAB13-S,Student,,
IAB13-RP,Retirement Planning,,
IAB21-PreMove,Pre-Movers,,
IAB22-AE,American Eagle,,
IAB22-CK,Calvin Klein,,
IAB22-Champ,Champion,,
IAB22-Chanel,Chanel,,
IAB22-CD,Christian Dior,,
IAB22-C,Coach,,
IAB22-DSG,Dick's Sporting Goods,,
IAB22-DG,Dollar General,,
IAB22-DT,Dollar Tree,,
IAB22-Expr,Express,,
IAB22-FD,Family Dollar,,
IAB22-Gap,Gap,,
IAB22-Gucci,Gucci,,
IAB22-HL,Hobby Lobby,,
IAB22-I,IKEA,,
IAB22-K,Kohls,,
IAB22-LV,Louis Vuitton,,
IAB22-MAC,MAC,,
IAB22-Macy,Macys,,
IAB22-MK,Michael Kors,,
IAB22-Mich,Michaels,,
IAB22-N,Nordstrom,,
IAB22-PJ,Pandora Jewelry,,
IAB22-PRL,Polo Ralph Lauren,,
IAB22-Prada,Prada,,
IAB22-Seph,Sephora,,
IAB22-Steve,Steve Madden,,
IAB22-TH,Tommy Hilfiger,,
IAB22-UO,Urban Outfitters,,
IAB22-VW,Vera Wang,,
IAB22-Vers,Versace,,
IAB2B,B2B Interests,,
IAB2B-1,Banking,,
IAB2B-2,Business Loans,,
IAB2B-3,Business Accounting,,
IAB2B-4,Economic Forecasting,,
IAB2B-5,Economist,,
IAB2B-6,Financial Analyst,,
IAB2B-7,Insurance,,
IAB2B-8,Investment Banking,,
IAB2B-9,Wealth Management,,
IAB2B-10,Carpenters,,
IAB2B-11,Plumbers,,
IAB2B-12,K-12 Teachers,,
IAB2B-13,Geriatric Care,,
IAB2B-14,Medical Practice,,
IAB2B-15,Public Health,,
IAB2B-16,Alternative Medicine,,
IAB2B-17,Dermatology,,
IAB2B-18,Emergency Medicine,,
IAB2B-19,Family Medicine,,
IAB2B-20,Gastroenterology,,
IAB2B-21,Internal Medicine,,
IAB2B-22,Neurology,,
IAB2B-23,Nuclear Medicine,,
IAB2B-24,Orthopedics,,
IAB2B-25,Pathology,,
IAB2B-26,Pediatrics,,
IAB2B-27,Physical Therapy,,
IAB2B-28,Podiatry,,
IAB2B-29,Primary Care,,
IAB2B-30,Radiology,,
IAB2B-31,Plastic Surgery,,
IAB2B-32,Rheumatology,,
IAB2B-33,Sports Medicine,,
IAB2B-34,Chinese Medicine,,
IAB2B-35,Urology,,
IAB2B-36,Telehealth,,
IAB2B-37,Ad Blocking,,
IAB2B-38,Ad Networks,,
IAB2B-39,Ad Servers,,
IAB2B-40,Ad Verification,,
IAB2B-41,Audience Engagement,,
IAB2B-42,Consent Management Platform,,
IAB2B-43,Corporate Blogging,,
IAB2B-44,Corporate Website,,
IAB2B-45,Crowdsourcing,,
IAB2B-46,Customer Data Platform (CDP),,
IAB2B-47,Customer Relationship Management (CRM),,
IAB2B-48,Data-driven Marketing,,
IAB2B-49,Digital Media,,
IAB2B-50,Direct Mail,,
IAB2B-51,Email Campaign,,
IAB2B-52,Email Marketing Automation,,
IAB2B-53,Email Service Providers,,
IAB2B-54,Engagement Platform,,
IAB2B-55,Global Email Marketing,,
IAB2B-56,Internet Marketing,,
IAB2B-57,Live Content Feed,,
IAB2B-58,Market Expansion,,
IAB2B-59,Market Research,,
IAB2B-60,Marketing Analytics,,
IAB2B-61,Marketing Campaigns,,
IAB2B-62,Marketing Communications,,
IAB2B-63,Marketing Email,,
IAB2B-64,Marketing Programs,,
IAB2B-65,Marketing Tools,,
IAB2B-66,Media Management Systems,,
IAB2B-67,Media Planning,,
IAB2B-68,Online Lead Generation,,
IAB2B-69,Programmatic Buying,,
IAB2B-70,Real Time Personalization,,
IAB2B-71,Search Engine Optimization (SEO),,
IAB2B-72,Social Media Marketing,,
IAB2B-73,Survey Data,,
IAB2B-74,Web Banner,,
