company,group
Erie Ins Exchange,ERIE INS GRP
Concord General Mutual Ins Co,AUTO OWNERS GRP
Nationwide Mutual Ins Co,NATIONWIDE CORP GRP
Farmers Group P&C Ins Co,FARMERS INS GRP
Safety Ins Co,SAFETY GRP
Amer Farmers & Ranchers Mutl,American Farmers & Ranchers Grp
GEICO Ind Co,BERKSHIRE HATHAWAY GRP
Allstate P&C Ins Co,ALLSTATE INS GRP
MMG Ins Co,MMG Ins Co
Auto-Owners Ins Co,AUTO OWNERS GRP
Farmers Ins Co of Oregon,FARMERS INS GRP
Root Ins Co,Root Inc Grp
Enumclaw P&C Ins Co,MUTUAL OF ENUMCLAW GRP
Nationwide P&C Ins Co,NATIONWIDE CORP GRP
PA National Mutual Cas Ins Co,PENNSYLVANIA NATL INS GRP
State Farm Ind Co,STATE FARM GRP
Mercury Ind Co of GA,MERCURY GEN GRP
KY Farm Bureau Mutual Ins Co,KENTUCKY FARM BUREAU GRP
Atlantic States Ins Co,DONEGAL GRP
Meemic Ins Co,AUTOMOBILE CLUB MI GRP
GEICO General Ins Co,BERKSHIRE HATHAWAY GRP
Safeco Ins Co of IL,LIBERTY MUT GRP
Patrons Co-op Fire Ins Co,Patrons Co-op Fire Ins Co
Nationwide Ins Co of Am,NATIONWIDE CORP GRP
North Star Mutual Ins Co,NORTH STAR CO GRP
Owners Ins Co,AUTO OWNERS GRP
Farmers Mutual Ins Co of NE,Farmers Mutual Ins Co of NE
Southern Farm Bureau Cas Ins,SOUTHERN FARM BUREAU CAS GRP
Auto Club Ins Assn,AUTOMOBILE CLUB MI GRP
Equity Ins Co,Home State Ins Grp
Untd Farm Family Mutual Ins Co,INDIANA FARM BUREAU Grp
Travelers Personal Sec Ins Co,Travelers Grp
Progressive Advanced Ins Co,PROGRESSIVE GRP
Farmers Ins Co,FARMERS INS GRP
Old Guard Ins Co,WESTFIELD Grp
NY Central Mutual Fire Ins Co,NYCM Ins Grp
GEICO County Mutual Ins Co,BERKSHIRE HATHAWAY GRP
Progressive Direct Ins Co,PROGRESSIVE GRP
Tradewind Ins Co Ltd.,ISLAND INS CO GRP
United Ins Co,United Ins Co
American Select Ins Co,WESTFIELD Grp
PEMCO Mutual Ins Co,PEMCO Mutual Ins Co
Farmers New Century Ins Co,FARMERS INS GRP
Foremost Ins Co Grand Rapids,FARMERS INS GRP
Progressive Max Ins Co,PROGRESSIVE GRP
Farm Bureau Town & Country Ins,MISSOURI FARM BUREAU GRP
Wadena Ins Co,IMT Mut Holding Grp
CSAA General Ins Co,CSAA Ins Grp
Key Ins Co,Key Ins Co
Government Employees Ins Co,BERKSHIRE HATHAWAY GRP
First National Ins Co of Am,LIBERTY MUT GRP
Mercury Ind Co of Am,MERCURY GEN GRP
CSAA Ins Exchange,CSAA Ins Grp
Preferred Mutual Ins Co,Preferred Mutual Ins Co
Progressive Premier Ins Co,PROGRESSIVE GRP
Farmers Casualty Ins Co,FARMERS INS GRP
Travelers Property Cas Ins Co,Travelers Grp
Plymouth Rock Assurance Corp,PLYMOUTH ROCK INS GRP
Colorado Farm Bureau Ins Co,SOUTHERN FARM BUREAU CAS GRP
Progressive Garden State Ins,PROGRESSIVE GRP
Progressive Marathon Ins Co,PROGRESSIVE GRP
Mercury Casualty Co,MERCURY GEN GRP
Donegal Mutual Ins Co,DONEGAL GRP
Cincinnati Ins Co,CINCINNATI FIN GRP
Home-Owners Ins Co,AUTO OWNERS GRP
Acuity A Mutual Ins Co,Acuity A Mutual Ins Co
Germania Fire & Casualty Co,GERMANIA INS GRP
Illinois Farmers Ins Co,FARMERS INS GRP
Travelers Commercial Ins Co,Travelers Grp
St. Paul Protective Ins Co,Travelers Grp
Nationwide General Ins Co,NATIONWIDE CORP GRP
COUNTRY Preferred Ins Co,Country Ins & Fin Serv Grp
Allstate Ind Co,ALLSTATE INS GRP
LA Farm Bureau Mutual Ins Co,LA Farm Bureau Mutual Ins Co
InterIns Exchange,Auto Club Enterprises Ins Grp
OK Farm Bureau Mutual Ins Co,OKLAHOMA FARM BUREAU GRP
NJ Manufacturers Ins Co,NEW JERSEY MANUFACTURERS GRP
Farmers Automobile Ins Assn,PEKIN INS GRP
Travelers Home & Marine Ins Co,Travelers Grp
Norfolk & Dedham Mutl Fire Ins,NORFOLK & DEDHAM GRP
Rural Mutual Ins Co,Rural Mutual Ins Co
Wawanesa General Ins Co,Auto Club Enterprises Ins Grp
Colonial County Mutual Ins Co,NATIONWIDE CORP GRP
GEICO Secure Ins Co,BERKSHIRE HATHAWAY GRP
Quincy Mutual Fire Ins Co,QUINCY MUT GRP
Erie Ins Co,ERIE INS GRP
Palisades Safety & Ins Assn,PALISADES GRP
Personal Service Ins Co,American Independent Ins Grp
GA Farm Bureau Mutual Ins Co,GEORGIA FARM BUREAU GRP
Mendakota Ins Co,Premier Holdings Grp
Umialik Ins Co,WESTERN NATL MUT GRP
Allstate Ins Co,ALLSTATE INS GRP
Central Mutual Ins Co,CENTRAL MUT INS CO GRP
Maryland Automobile Ins Fund,Maryland Automobile Ins Fund
Patriot Ins Co,FRANKENMUTH GRP
Farm Bureau Mutl Ins Co of ID,FARM BUREAU GRP
Shelter Mutual Ins Co,SHELTER INS GRP
Trexis Ins Corp,ALFA INS GRP
Allstate NJ P&C Ins Co,ALLSTATE INS GRP
Foremost County Mutual Ins Co,FARMERS INS GRP
Union Mutual Fire Ins Co,UNION MUTUAL FIRE INS GRP
Farmers Ins Exchange,FARMERS INS GRP
Nodak Ins Co,Nodak Mut Grp
Farmers Ins Co of AZ,FARMERS INS GRP
GEICO Casualty Co,BERKSHIRE HATHAWAY GRP
Mountain Laurel Assurance Co,PROGRESSIVE GRP
AIG Property Casualty Co,AMERICAN INTL GRP
American Mercury Ins Co,MERCURY GEN GRP
NC Farm Bureau Mutual Ins Co,North Carolina Farm Bureau GRP
Pioneer State Mutual Ins Co,Pioneer State Mutual Ins Co
State Farm Mutl Automobile Ins,STATE FARM GRP
Amica Mutual Ins Co,AMICA MUT GRP
Vermont Mutual Ins Co,VERMONT MUT GRP
Cumberland Ins Co,CUMBERLAND GRP
Tennessee Farmers Mutl Ins Co,TENNESSEE FARMERS GRP
Allstate Northbrook Indem Co,ALLSTATE INS GRP
Farm Bureau Genl Ins Co of MI,MICHIGAN FARM BUREAU GRP
Standard Fire Ins Co,Travelers Grp
NGM Ins Co,AMERICAN FAMILY INS GRP
MS Farm Bureau Casualty Ins Co,SOUTHERN FARM BUREAU CAS GRP
Farmers Ins Co of WA,FARMERS INS GRP
Selective Auto Ins Co of NJ,SELECTIVE INS GRP
Travelers Personal Ins Co,Travelers Grp
Hastings Ins Co,Hastings Ins Co
Main St Am Protection Ins Co,AMERICAN FAMILY INS GRP
United Financial Casualty Co,PROGRESSIVE GRP
Auto Club County Mutl Ins Co,Auto Club Enterprises Ins Grp
Frankenmuth Ins Co,FRANKENMUTH GRP
GEICO Advantage Ins Co,BERKSHIRE HATHAWAY GRP
Automobile Club Inter-Ins,Auto Club Enterprises Ins Grp
United Automobile Ins Co,United Automobile Ins Co
Auto Club Group Ins Co,AUTOMOBILE CLUB MI GRP
Allstate F&C Ins Co,ALLSTATE INS GRP
Farm Bureau P&C Ins Co,IOWA FARM BUREAU GRP
Progressive Paloverde Ins Co,PROGRESSIVE GRP
West Bend Mutual Ins Co,West Bend Mutual Ins Co
Erie Ins P&C Co,ERIE INS GRP
American National P&C Co,Brookfield Reins Ltd Grp
Farmers P&C Ins Co,FARMERS INS GRP
Safeco Ins Co of America,LIBERTY MUT GRP
Trumbull Ins Co,HARTFORD FIRE & CAS GRP
Progressive Select Ins Co,PROGRESSIVE GRP
Mercury Ins Co,MERCURY GEN GRP
Trustgard Ins Co,GRANGE MUT CAS GRP
Chubb National Ins Co,Chubb Ltd Grp
VA Farm Bureau F&C Ins Co,VIRGINIA FARM BUREAU GRP
MemberSelect Ins Co,AUTOMOBILE CLUB MI GRP
Mercury County Mutual Ins Co,MERCURY GEN GRP
Liberty Mutual Fire Ins Co,LIBERTY MUT GRP
Safeco Ins Co of Oregon,LIBERTY MUT GRP
Arbella Mutual Ins Co,ARBELLA INS GRP
Indiana Farmers Mutual Ins Co,Indiana Farmers Mutual Ins Co
Erie Ins Co of New York,ERIE INS GRP
Automobile Ins Co of Hartford,Travelers Grp
Progressive County Mutl Ins Co,PROGRESSIVE GRP
Progressive Universal Ins Co,PROGRESSIVE GRP
Grange Ind Ins Co,GRANGE MUT CAS GRP
Utica Mutual Ins Co,UTICA GRP
Mid-Century Ins Co,FARMERS INS GRP
Farmers Direct P&C Ins Co,FARMERS INS GRP
Liberty Mutual Ins Co,LIBERTY MUT GRP